{
  "project_info": {
    "project_number": "284683009773",
    "firebase_url": "https://globe-isg-punch.firebaseio.com",
    "project_id": "globe-isg-punch",
    "storage_bucket": "globe-isg-punch.appspot.com"
  },
  "client": [
    {
      "client_info": {
        "mobilesdk_app_id": "1:284683009773:android:a338614cbaf51a40",
        "android_client_info": {
          "package_name": "ph.com.globe.punchappflutter"
        }
      },
      "oauth_client": [
        {
          "client_id": "284683009773-d89fdcojlj8qjhq5aesv87ht2agm86ou.apps.googleusercontent.com",
          "client_type": 3
        }
      ],
      "api_key": [
        {
          "current_key": "AIzaSyCqu9AICjOrk46l7tqRzbxLW-BonxU5siI"
        }
      ],
      "services": {
        "analytics_service": {
          "status": 1
        },
        "appinvite_service": {
          "status": 1,
          "other_platform_oauth_client": []
        },
        "ads_service": {
          "status": 2
        }
      }
    }
  ],
  "configuration_version": "1"
}